{
	"info": {
		"_postman_id": "d22a1647-021c-43f3-9c14-509b6b1fa0d8",
		"name": "MoviesController",
		"schema": "https://schema.getpostman.com/json/collection/v2.1.0/collection.json"
	},
	"item": [
		{
			"name": "RegisterMovie",
			"request": {
				"method": "POST",
				"header": [
					{
						"key": "Content-Type",
						"name": "Content-Type",
						"value": "application/json",
						"type": "text"
					}
				],
				"body": {
					"mode": "raw",
					"raw": "    {\n        \"Title\": \"Star Wars: Episode IV - A New Hope\",\n        \"Director\": \"ges\",\n        \"Year\": 1977\n    }"
				},
				"url": {
					"raw": "localhost:60762/api/Movies",
					"host": [
						"localhost"
					],
					"port": "60762",
					"path": [
						"api",
						"Movies"
					]
				}
			},
			"response": []
		},
		{
			"name": "GetMovies",
			"protocolProfileBehavior": {
				"disableBodyPruning": true
			},
			"request": {
				"method": "GET",
				"header": [
					{
						"key": "Content-Type",
						"name": "Content-Type",
						"value": "application/json",
						"type": "text"
					}
				],
				"body": {
					"mode": "raw",
					"raw": ""
				},
				"url": {
					"raw": "localhost:60762/api/Movies",
					"host": [
						"localhost"
					],
					"port": "60762",
					"path": [
						"api",
						"Movies"
					]
				}
			},
			"response": []
		}
	]
}